店名,TABELOG評分,晚餐預算,午餐預算,分類,Google評分,Google評論數,排隊情況,預約建議,Walkin友善度(1-5),招牌菜,餐廳特色
銀座 八五,3.96,"￥1,000～￥1,999","￥1,000～￥1,999",ラーメン,4.3,2028,點排隊需等2小時，人潮極多,週六9點搶預約，現場排隊極早,,"中華そば,肉飯",法式技法創意拉麵
むぎとオリーブ 銀座本店,3.77,"￥1,000～￥1,999","￥1,000～￥1,999","ラーメン, つけ麺",4.1,2878,平日約10分，熱門時段需排40分,建議避開尖峰，開門前抵達,,蛤蜊拉麵,精緻新派拉麵店
支那麺 はしご 本店,3.7,"￥2,000～￥2,999","￥1,000～￥1,999","担々麺, ラーメン",4.1,3030,分析超時,需手動確認,N/A,N/A,N/A
自家製麺 伊藤 銀座店,3.7,"￥1,000～￥1,999",～￥999,"ラーメン, つけ麺",3.5,817,人潮稀少無需排隊,避開尖峰時段單人前往,,肉蕎麥麵,極簡風煮干拉麵店
中華そば 共楽,3.7,"￥1,000～￥1,999","￥1,000～￥1,999",ラーメン,4.2,976,午間常排隊，建議避開尖峰,午餐早去，晚餐五點避人潮,,餛飩叉燒麵,銀座傳統老派醬油拉麵
銀座たんめん,3.68,～￥999,～￥999,ラーメン,4.2,332,平日午間偶需排隊,僅現場排隊，午餐避開尖峰,,"招牌湯麵,自製辣油",蔬菜鮮甜的專門店
銀座 篝 本店,3.66,"￥1,000～￥1,999","￥1,000～￥1,999","ラーメン, つけ麺",4.2,4325,尖峰時段排隊長，離峰較快,避開用餐尖峰，建議下午前往,,"雞白湯拉麵,和牛飯",創意新派雞白湯拉麵
銀座 朧月,3.66,"￥1,000～￥1,999","￥1,000～￥1,999","ラーメン, つけ麺",3.9,1829,尖峰時段需排隊，晚間較易入座,午餐避開尖峰，晚餐建議早去,,"濃厚沾麵,辣味噌拉麵",職人手作極致濃郁系
長浜屋台 やまちゃん 銀座店,3.65,"￥1,000～￥1,999","￥1,000～￥1,999",ラーメン,4.1,1627,無需排隊,隨時可入，無需預約,,特製豚骨拉麵,道地博多風味
船見坂,3.64,～￥999,～￥999,"ラーメン, つけ麺",4.0,1615,人潮穩定流動，排隊時間短,午餐避開尖峰，無需預約,,"味噌拉麵,特製拉麵",年歷史懷舊小店
銀座鴨そば 九代目けいすけ 銀座店,3.64,"￥1,000～￥1,999",～￥999,ラーメン,4.0,1098,晚間常需排隊，翻桌率高,晚餐避開尖峰或早去,,"濃厚鴨湯拉麵,鴨肉餃子",創意鴨肉專門店
銀座はるちゃんラーメン,3.64,"￥1,000～￥1,999","￥1,000～￥1,999",ラーメン,4.0,284,平日排隊約30分，週末需久候,午餐避開尖峰，售票機點餐,,特製中毒そば、素食拉麵,米其林必比登創意拉麵
ラーメン GINZA TON BOX,3.63,"￥1,000～￥1,999","￥1,000～￥1,999",ラーメン,4.1,149,熱門時段需排隊,午餐避開尖峰早去,,"醬油拉麵,叉燒",極簡七席小店
らーめん一郎,3.62,～￥999,～￥999,ラーメン,3.6,653,座位極少需排隊,建議避開尖峰時段,,"醬油拉麵,蛤蜊拉麵",隱密精緻小店
焼きあご塩らー麺たかはし 銀座店,3.61,～￥999,～￥999,ラーメン,4.1,2542,平日排隊約45分，翻桌快,無預約制，避開尖峰時段,,"烤飛魚鹽味拉麵,茶泡飯",精緻創意拉麵店
そらのいろ 銀座本店,3.61,"￥2,000～￥2,999","￥1,000～￥1,999",ラーメン,4.8,233,晚上九點後無需排隊,晚餐時段較寬鬆，建議避開尖峰,,"辣味拉麵,蘑菇拉麵",創意蔬食友善拉麵店
銀座 創龍,3.58,"￥1,000～￥1,999","￥1,000～￥1,999",ラーメン,3.9,897,平日無需排隊，週末偶需候位,晚餐建議預約，午餐避開尖峰,,煙燻醬油拉麵、豚骨拉麵,現代風格拉麵店
東京スタイルみそらーめん ど・みそ 京橋本店,3.55,"￥1,000～￥1,999","￥1,000～￥1,999",ラーメン,3.9,1499,熱門時段需排隊20分以上,避開午餐尖峰或晚餐早去,,"特製味噌拉麵,辣味拉麵",濃厚系味噌名店
銀座 元楽,3.55,"￥1,000～￥1,999",～￥999,"ラーメン, つけ麺",3.8,735,平日午間需排隊，翻桌快,避開尖峰時段，自動販賣機點餐,,背脂拉麵、叉燒,傳統背脂系老店
銀座 月や,3.55,"￥3,000～￥3,999","￥1,000～￥1,999",ラーメン,4.1,259,熱門時段需排隊，流動快,午餐避開尖峰，晚餐建議預約,,"清湯豚骨拉麵,明太子飯",福岡系創意清湯拉麵
175°DENO担担麺 GINZa,3.54,"￥1,000～￥1,999","￥1,000～￥1,999","担々麺, ラーメン",3.9,1013,午間常需排隊,避開尖峰時段前往,,"擔擔麵,煎餃",創意新派麻辣麵店
松富,3.54,"￥1,000～￥1,999","￥1,000～￥1,999","ラーメン, つけ麺, 餃子",4.2,706,平日無需久候，週末人潮多,午餐避開尖峰，僅收現金,,"蛤蜊拉麵,燒賣",傳統日式中華料理
久留米らーめん 金丸,3.49,～￥999,～￥999,"ラーメン, 餃子",3.8,816,翻桌率高無需久候,無需預約直接入店,,"濃厚豚骨拉麵,蒜味拉麵",道地職人風拉麵
銀座梵天,3.49,"￥1,000～￥1,999","￥1,000～￥1,999","ラーメン, つけ麺, 餃子",3.4,860,深夜人潮少，平日無需排隊,無需預約，現金支付，避開十點後,,Marutoku拉麵,深夜友善的傳統拉麵店
らーめん紫龍 東銀座店,3.49,～￥999,～￥999,"ラーメン, つけ麺",3.9,706,無需排隊,無需預約隨時可入,,"自選配料拉麵,煎餃",高CP值客製化拉麵
九州じゃんがららあめん 銀座店,3.48,～￥999,～￥999,"ラーメン, つけ麺",4.3,1766,全天候排隊但流動快,不接受預約，避開尖峰,,"九州じゃんがら拉麵,明太子飯",平價活力系拉麵
天丼・らぁ麺 ハゲ天,3.48,"￥1,000～￥1,999","￥1,000～￥1,999","天丼, ラーメン",4.0,954,用餐尖峰需排隊，流動快,午餐避開尖峰，僅現金,,"天丼,拉麵",傳統職人快餐店
京都ラーメン森井 銀座店,3.37,"￥1,000～￥1,999","￥1,000～￥1,999",ラーメン,4.7,1640,排隊約15-20分,避開尖峰或提早前往,,熟成醬油、辣味噌,京都風現代拉麵
麺 銀座おのでら 東銀座店,3.36,"￥1,000～￥1,999","￥1,000～￥1,999","ラーメン, 油そば・まぜそば, つけ麺",4.3,108,平日晚餐無需排隊,晚餐隨到隨入，無需預約,,"招牌醬油拉麵,辣味拉麵",銀座名店創意新派拉麵
一風堂 銀座インズ店,3.36,"￥1,000～￥1,999","￥1,000～￥1,999",ラーメン,4.0,124,平日排隊短，週末人潮多,避開尖峰時段即可,,"赤丸新味,白丸元味",連鎖快餐式拉麵
蕎麦 流石,3.67,"￥10,000～￥14,999","￥1,000～￥1,999","そば, 日本料理",3.9,337,熱門時段需預約,晚餐務必預約，午餐建議提早,,"十割蕎麥麵,蕎麥冰淇淋",精緻創意蕎麥料理
蕎麦会席 つきじ文化人 凬,3.67,"￥10,000～￥14,999","￥2,000～￥2,999",そば,4.0,193,平日午間需排隊，週末人潮多,午餐早去，晚餐務必預約,,蕎麥麵、雞蛋拌蕎麥麵,傳統和風與創意蕎麥料理
蕎麦割烹 橙,3.58,"￥20,000～￥29,999","￥15,000～￥19,999",そば,4.2,12,平日無需排隊，週末建議預約,午餐早去，晚餐務必預約,,"烏魚子蕎麥麵,二八蕎麥麵",脇屋友詞監修創意蕎麥割烹
銀座 真田,3.55,"￥4,000～￥4,999","￥2,000～￥2,999","そば, 日本料理",4.1,462,午餐熱門需排隊,午餐早去晚餐必預約,,"鴨肉沾麵,天婦羅",信州風情居酒屋
俺の割烹 そば GINZA5,3.49,"￥2,000～￥2,999",～￥999,"そば, 天ぷら, 居酒屋",3.5,1318,熱門時段需排隊,午餐避開尖峰，晚餐建議預約,,"肉蕎麥麵,烤鴨",平價創意蕎麥麵
山形田,3.49,"￥1,000～￥1,999","￥1,000～￥1,999",そば,3.9,392,午間常需排隊,午餐避開尖峰，晚餐建議預約,,藏王冷地雞蕎麥麵,傳統山形鄉土料理
泰明庵,3.49,-,"￥1,000～￥1,999","そば, 丼, 居酒屋",4.1,703,午餐熱門需排隊,午餐早去避開人潮,,"豬排丼,蕎麥麵",傳統江戶風老店
銀座 真田 SIX,3.49,"￥5,000～￥5,999","￥1,000～￥1,999","そば, 日本料理, 居酒屋",4.0,765,尖峰時段需排隊,午餐早去晚餐預約,,"蕎麥麵,烤豬肉",銀座商場內精緻和風
明月庵 ぎんざ 田中屋 銀座本店,3.49,"￥3,000～￥3,999","￥1,000～￥1,999","そば, うどん, 居酒屋",4.0,527,週末午餐流動快，無需久候,午餐避開尖峰，晚餐建議預約,,"冷蕎麥麵,天婦羅",傳統和風蕎麥老店
よもだそば 銀座店,3.48,～￥999,～￥999,"そば, インドカレー",3.9,2164,流動快無需排隊,隨到隨吃無需預約,,"蕎麥麵,咖哩飯",平價立食蕎麥店
桂庵 銀座三丁目店,3.46,"￥1,000～￥1,999","￥1,000～￥1,999","そば, 丼",3.9,302,平日午間易排隊，翻桌快,午餐避開尖峰，無需預約,,"冷蕎麥麵,烏龍麵",傳統江戶風情小店
鳥と手打ち蕎麦 とり数寄 銀座ノボ店,3.45,"￥4,000～￥4,999","￥1,000～￥1,999","焼き鳥, 日本酒バー, そば",3.3,293,熱門時段需排隊,晚餐務必預約,,"串燒,親子丼",銀座景觀餐廳
日本ばし やぶ久 銀座店,3.45,"￥5,000～￥5,999","￥1,000～￥1,999","そば, 日本料理, カレーうどん",4.0,198,平日少排隊，週末需候位,午餐避開尖峰，晚餐建議預約,,"蕎麥麵,天婦羅",傳統江戶風味老店
銀蕎麦 國定,3.45,"￥1,000～￥1,999","￥1,000～￥1,999","そば, 日本酒バー",4.0,133,無需排隊，人潮穩定,晚餐建議預約，避免撲空,,"手打蕎麥麵,板わさ",傳統和風，職人手作
次男坊,3.45,"￥6,000～￥7,999","￥1,000～￥1,999","そば, 居酒屋",4.2,112,午間常需排隊，翻桌率快,午餐避開尖峰，晚餐建議預約,,"冷肉蕎麥麵,次男坊定食",傳統蕎麥居酒屋
箱根暁庵 銀座三越店,3.44,"￥2,000～￥2,999","￥2,000～￥2,999",そば,3.7,218,平日人潮穩定，週末需排隊,午餐避開尖峰，晚餐建議預約,,"手工蕎麥麵,炸蝦天婦羅",銀座景觀傳統蕎麥麵
おそば　照庵　銀座,3.43,"￥6,000～￥7,999","￥1,000～￥1,999","そば, かつ丼, 日本料理",4.2,237,午餐需排隊約30分,午餐早去避開人潮,,"鴨肉蕎麥麵,天婦羅",傳統職人手作蕎麥麵
明月庵 ぎんざ 田中屋 松屋店,3.4,"￥2,000～￥2,999","￥2,000～￥2,999","うどん, そば, 居酒屋",3.8,163,平日少排隊，週末需候位,午餐避開尖峰，晚餐建議預約,,冷蕎麥麵、蔬菜天婦羅,傳統蕎麥老店
多吉,3.4,"￥2,000～￥2,999","￥1,000～￥1,999","そば, うどん, 居酒屋",4.0,174,平日午間需排隊，週末人潮多,午餐避開尖峰，晚餐建議預約,,"蕎麥麵,天婦羅",溫馨家庭式傳統和風
銀座道しるべ,3.39,"￥4,000～￥4,999","￥1,000～￥1,999","居酒屋, そば",3.6,95,平日午間偶需排隊,午餐早去晚餐建議預約,,"濃厚雞沾麵,炸雞",創意雞湯蕎麥麵
麺 銀座おのでら 東銀座店,3.36,"￥1,000～￥1,999","￥1,000～￥1,999","ラーメン, 油そば・まぜそば, つけ麺",4.3,108,平日晚餐無需排隊,晚餐隨到隨入，無需預約,,"醬油拉麵,辣味拉麵",米其林系創意新派拉麵
い組,3.32,"￥40,000～￥49,999","￥1,000～￥1,999","郷土料理, 日本料理, そば",4.4,17,無需排隊，人潮稀少,午餐隨機營業，建議先確認,,"咖哩飯,蕎麥麵套餐",隱密山形鄉土料理
きつね庵,3.66,"￥1,000～￥1,999","￥1,000～￥1,999",うどん,3.8,423,點後易排隊，建議12點前抵達,午餐為主，現場排隊無預約,,"京都風豆皮烏龍麵,午間套餐",傳統京都風小店
五代目 花山うどん 銀座店,3.65,"￥3,000～￥3,999","￥1,000～￥1,999","うどん, 居酒屋, 揚げ物",4.2,2381,極長排隊，需早起抽號碼牌,午餐務必早去，晚餐建議避開尖峰,,"鬼釜烏龍麵,寬版麵",百年傳承名店
太常うどん 銀座本店,3.64,"￥3,000～￥3,999",～￥999,"うどん, 天ぷら, 居酒屋",4.1,786,中午前必排隊，人潮洶湧,午餐避開尖峰，晚餐建議預約,,咖哩烏龍麵、炸物,百年老店經營的傳統和風名店
銀座 佐藤養助,3.55,"￥6,000～￥7,999","￥2,000～￥2,999","うどん, 郷土料理, カレーうどん",4.2,2430,平日週末皆需排隊，約30-40分,午餐務必11點前抵達排隊,,"天婦羅沾麵,紅咖哩烏龍麵",秋田百年稻庭烏龍麵名店
銀座 別邸花山,3.5,"￥20,000～￥29,999","￥4,000～￥4,999","日本料理, うどん",5.0,69,晚餐需預約，平日人潮穩定,晚餐務必預約，午餐建議提早,,"寬版烏龍麵,懷石料理",精緻創意懷石烏龍麵
明月庵 ぎんざ 田中屋 銀座本店,3.49,"￥3,000～￥3,999","￥1,000～￥1,999","そば, うどん, 居酒屋",4.0,527,週末午間流動快，無需久候,午餐早去避開尖峰，晚餐建議預約,,"冷蕎麥麵,天婦羅",傳統和風蕎麥老店
つるとんたん UDON NOODLE Brasserie 銀座,3.47,"￥2,000～￥2,999","￥1,000～￥1,999","うどん, ダイニングバー, バー",4.1,2952,平日下午人少，尖峰時段需排隊,避開用餐尖峰或提前預約,,"咖哩烏龍麵,明太子烏龍麵",時尚創意新派烏龍麵
日本ばし やぶ久 銀座店,3.45,"￥5,000～￥5,999","￥1,000～￥1,999","そば, 日本料理, カレーうどん",4.0,198,平日午間需排隊,午餐避開尖峰，晚餐建議預約,,"蕎麥麵,天婦羅",傳統江戶風味老店
明月庵 ぎんざ 田中屋 松屋店,3.4,"￥2,000～￥2,999","￥2,000～￥2,999","うどん, そば, 居酒屋",3.8,163,平日少排隊，週末需候位,午餐避開尖峰，晚餐建議預約,,冷蕎麥麵、野菜天婦羅,傳統和風老店

